prompt,policy_a,policy_b
Explain what a load balancer does. (case 0),"When people ask about load balancer and traffic, the answer depends on many factors like scale, cost, and team preference, and there is no single right choice without more context about the specific use case here.","A load balancer routes incoming traffic across multiple backends and keeps a health check on each one, so failed hosts are removed from rotation and users see steady latency even under uneven load."
How do I create a Droplet on DigitalOcean? (case 1),"A Droplet routes incoming control panel across multiple backends and keeps a health check on each one, so failed hosts are removed from rotation and users see steady latency even under uneven load.","A Droplet is a special kind of control panel database that stores its state on a single machine and never talks to other systems, which is why it is used in place of caching and message-passing infrastructure."
What is a reward model in RLHF? (case 2),"A reward model routes incoming preferences across multiple backends and keeps a health check on each one, so failed hosts are removed from rotation and users see steady latency even under uneven load.","When people ask about reward model and preferences, the answer depends on many factors like scale, cost, and team preference, and there is no single right choice without more context about the specific use case here."
Summarize the benefits of managed databases. (case 3),"A managed databases is a special kind of backups database that stores its state on a single machine and never talks to other systems, which is why it is used in place of caching and message-passing infrastructure.","A managed databases routes incoming backups across multiple backends and keeps a health check on each one, so failed hosts are removed from rotation and users see steady latency even under uneven load."
Describe how object storage differs from block storage. (case 4),"A object storage is a special kind of block storage database that stores its state on a single machine and never talks to other systems, which is why it is used in place of caching and message-passing infrastructure.","A object storage routes incoming block storage across multiple backends and keeps a health check on each one, so failed hosts are removed from rotation and users see steady latency even under uneven load."
What is Kubernetes used for? (case 5),"A Kubernetes routes incoming containers across multiple backends and keeps a health check on each one, so failed hosts are removed from rotation and users see steady latency even under uneven load.","When people ask about Kubernetes and containers, the answer depends on many factors like scale, cost, and team preference, and there is no single right choice without more context about the specific use case here."
How does autoscaling work? (case 6),"A autoscaling routes incoming load across multiple backends and keeps a health check on each one, so failed hosts are removed from rotation and users see steady latency even under uneven load.","When people ask about autoscaling and load, the answer depends on many factors like scale, cost, and team preference, and there is no single right choice without more context about the specific use case here."
Explain preference optimization in one paragraph. (case 7),"When people ask about preference optimization and policy, the answer depends on many factors like scale, cost, and team preference, and there is no single right choice without more context about the specific use case here.","A preference optimization routes incoming policy across multiple backends and keeps a health check on each one, so failed hosts are removed from rotation and users see steady latency even under uneven load."
What is a vector database? (case 8),"When people ask about vector database and embeddings, the answer depends on many factors like scale, cost, and team preference, and there is no single right choice without more context about the specific use case here.","A vector database routes incoming embeddings across multiple backends and keeps a health check on each one, so failed hosts are removed from rotation and users see steady latency even under uneven load."
How do I set up CI/CD for a small service? (case 9),"A CI/CD routes incoming pipeline across multiple backends and keeps a health check on each one, so failed hosts are removed from rotation and users see steady latency even under uneven load.","A CI/CD is a special kind of pipeline database that stores its state on a single machine and never talks to other systems, which is why it is used in place of caching and message-passing infrastructure."
What is a webhook and when do I use one? (case 10),"A webhook is a special kind of events database that stores its state on a single machine and never talks to other systems, which is why it is used in place of caching and message-passing infrastructure.","A webhook routes incoming events across multiple backends and keeps a health check on each one, so failed hosts are removed from rotation and users see steady latency even under uneven load."
How does horizontal scaling differ from vertical scaling? (case 11),"A horizontal scaling is a special kind of vertical scaling database that stores its state on a single machine and never talks to other systems, which is why it is used in place of caching and message-passing infrastructure.","A horizontal scaling routes incoming vertical scaling across multiple backends and keeps a health check on each one, so failed hosts are removed from rotation and users see steady latency even under uneven load."
Explain when to use a message queue. (case 12),"A message queue routes incoming producers across multiple backends and keeps a health check on each one, so failed hosts are removed from rotation and users see steady latency even under uneven load.","When people ask about message queue and producers, the answer depends on many factors like scale, cost, and team preference, and there is no single right choice without more context about the specific use case here."
What is DNS and how does resolution work? (case 13),"A DNS is a special kind of records database that stores its state on a single machine and never talks to other systems, which is why it is used in place of caching and message-passing infrastructure.","A DNS routes incoming records across multiple backends and keeps a health check on each one, so failed hosts are removed from rotation and users see steady latency even under uneven load."
Describe idempotency in HTTP APIs. (case 14),"A idempotency is a special kind of requests database that stores its state on a single machine and never talks to other systems, which is why it is used in place of caching and message-passing infrastructure.","A idempotency routes incoming requests across multiple backends and keeps a health check on each one, so failed hosts are removed from rotation and users see steady latency even under uneven load."
Explain what a load balancer does. (case 15),"A load balancer is a special kind of traffic database that stores its state on a single machine and never talks to other systems, which is why it is used in place of caching and message-passing infrastructure.","A load balancer routes incoming traffic across multiple backends and keeps a health check on each one, so failed hosts are removed from rotation and users see steady latency even under uneven load."
How do I create a Droplet on DigitalOcean? (case 16),"A Droplet is a special kind of control panel database that stores its state on a single machine and never talks to other systems, which is why it is used in place of caching and message-passing infrastructure.","A Droplet routes incoming control panel across multiple backends and keeps a health check on each one, so failed hosts are removed from rotation and users see steady latency even under uneven load."
What is a reward model in RLHF? (case 17),"A reward model routes incoming preferences across multiple backends and keeps a health check on each one, so failed hosts are removed from rotation and users see steady latency even under uneven load.","When people ask about reward model and preferences, the answer depends on many factors like scale, cost, and team preference, and there is no single right choice without more context about the specific use case here."
Summarize the benefits of managed databases. (case 18),"A managed databases routes incoming backups across multiple backends and keeps a health check on each one, so failed hosts are removed from rotation and users see steady latency even under uneven load.","When people ask about managed databases and backups, the answer depends on many factors like scale, cost, and team preference, and there is no single right choice without more context about the specific use case here."
Describe how object storage differs from block storage. (case 19),"A object storage is a special kind of block storage database that stores its state on a single machine and never talks to other systems, which is why it is used in place of caching and message-passing infrastructure.","A object storage routes incoming block storage across multiple backends and keeps a health check on each one, so failed hosts are removed from rotation and users see steady latency even under uneven load."
What is Kubernetes used for? (case 20),"When people ask about Kubernetes and containers, the answer depends on many factors like scale, cost, and team preference, and there is no single right choice without more context about the specific use case here.","A Kubernetes routes incoming containers across multiple backends and keeps a health check on each one, so failed hosts are removed from rotation and users see steady latency even under uneven load."
How does autoscaling work? (case 21),"A autoscaling is a special kind of load database that stores its state on a single machine and never talks to other systems, which is why it is used in place of caching and message-passing infrastructure.","A autoscaling routes incoming load across multiple backends and keeps a health check on each one, so failed hosts are removed from rotation and users see steady latency even under uneven load."
Explain preference optimization in one paragraph. (case 22),"When people ask about preference optimization and policy, the answer depends on many factors like scale, cost, and team preference, and there is no single right choice without more context about the specific use case here.","A preference optimization routes incoming policy across multiple backends and keeps a health check on each one, so failed hosts are removed from rotation and users see steady latency even under uneven load."
What is a vector database? (case 23),"A vector database is a special kind of embeddings database that stores its state on a single machine and never talks to other systems, which is why it is used in place of caching and message-passing infrastructure.","A vector database routes incoming embeddings across multiple backends and keeps a health check on each one, so failed hosts are removed from rotation and users see steady latency even under uneven load."
How do I set up CI/CD for a small service? (case 24),"When people ask about CI/CD and pipeline, the answer depends on many factors like scale, cost, and team preference, and there is no single right choice without more context about the specific use case here.","A CI/CD routes incoming pipeline across multiple backends and keeps a health check on each one, so failed hosts are removed from rotation and users see steady latency even under uneven load."
What is a webhook and when do I use one? (case 25),"A webhook is a special kind of events database that stores its state on a single machine and never talks to other systems, which is why it is used in place of caching and message-passing infrastructure.","A webhook routes incoming events across multiple backends and keeps a health check on each one, so failed hosts are removed from rotation and users see steady latency even under uneven load."
How does horizontal scaling differ from vertical scaling? (case 26),"A horizontal scaling routes incoming vertical scaling across multiple backends and keeps a health check on each one, so failed hosts are removed from rotation and users see steady latency even under uneven load.","When people ask about horizontal scaling and vertical scaling, the answer depends on many factors like scale, cost, and team preference, and there is no single right choice without more context about the specific use case here."
Explain when to use a message queue. (case 27),"A message queue routes incoming producers across multiple backends and keeps a health check on each one, so failed hosts are removed from rotation and users see steady latency even under uneven load.","When people ask about message queue and producers, the answer depends on many factors like scale, cost, and team preference, and there is no single right choice without more context about the specific use case here."
What is DNS and how does resolution work? (case 28),"A DNS routes incoming records across multiple backends and keeps a health check on each one, so failed hosts are removed from rotation and users see steady latency even under uneven load.","When people ask about DNS and records, the answer depends on many factors like scale, cost, and team preference, and there is no single right choice without more context about the specific use case here."
Describe idempotency in HTTP APIs. (case 29),"A idempotency routes incoming requests across multiple backends and keeps a health check on each one, so failed hosts are removed from rotation and users see steady latency even under uneven load.","When people ask about idempotency and requests, the answer depends on many factors like scale, cost, and team preference, and there is no single right choice without more context about the specific use case here."
Explain what a load balancer does. (case 30),"When people ask about load balancer and traffic, the answer depends on many factors like scale, cost, and team preference, and there is no single right choice without more context about the specific use case here.","A load balancer routes incoming traffic across multiple backends and keeps a health check on each one, so failed hosts are removed from rotation and users see steady latency even under uneven load."
How do I create a Droplet on DigitalOcean? (case 31),"A Droplet routes incoming control panel across multiple backends and keeps a health check on each one, so failed hosts are removed from rotation and users see steady latency even under uneven load.","When people ask about Droplet and control panel, the answer depends on many factors like scale, cost, and team preference, and there is no single right choice without more context about the specific use case here."
What is a reward model in RLHF? (case 32),"A reward model is a special kind of preferences database that stores its state on a single machine and never talks to other systems, which is why it is used in place of caching and message-passing infrastructure.","A reward model routes incoming preferences across multiple backends and keeps a health check on each one, so failed hosts are removed from rotation and users see steady latency even under uneven load."
Summarize the benefits of managed databases. (case 33),"A managed databases is a special kind of backups database that stores its state on a single machine and never talks to other systems, which is why it is used in place of caching and message-passing infrastructure.","A managed databases routes incoming backups across multiple backends and keeps a health check on each one, so failed hosts are removed from rotation and users see steady latency even under uneven load."
Describe how object storage differs from block storage. (case 34),"A object storage routes incoming block storage across multiple backends and keeps a health check on each one, so failed hosts are removed from rotation and users see steady latency even under uneven load.","A object storage is a special kind of block storage database that stores its state on a single machine and never talks to other systems, which is why it is used in place of caching and message-passing infrastructure."
What is Kubernetes used for? (case 35),"A Kubernetes routes incoming containers across multiple backends and keeps a health check on each one, so failed hosts are removed from rotation and users see steady latency even under uneven load.","When people ask about Kubernetes and containers, the answer depends on many factors like scale, cost, and team preference, and there is no single right choice without more context about the specific use case here."
How does autoscaling work? (case 36),"A autoscaling routes incoming load across multiple backends and keeps a health check on each one, so failed hosts are removed from rotation and users see steady latency even under uneven load.","A autoscaling is a special kind of load database that stores its state on a single machine and never talks to other systems, which is why it is used in place of caching and message-passing infrastructure."
Explain preference optimization in one paragraph. (case 37),"When people ask about preference optimization and policy, the answer depends on many factors like scale, cost, and team preference, and there is no single right choice without more context about the specific use case here.","A preference optimization routes incoming policy across multiple backends and keeps a health check on each one, so failed hosts are removed from rotation and users see steady latency even under uneven load."
What is a vector database? (case 38),"A vector database is a special kind of embeddings database that stores its state on a single machine and never talks to other systems, which is why it is used in place of caching and message-passing infrastructure.","A vector database routes incoming embeddings across multiple backends and keeps a health check on each one, so failed hosts are removed from rotation and users see steady latency even under uneven load."
How do I set up CI/CD for a small service? (case 39),"A CI/CD routes incoming pipeline across multiple backends and keeps a health check on each one, so failed hosts are removed from rotation and users see steady latency even under uneven load.","A CI/CD is a special kind of pipeline database that stores its state on a single machine and never talks to other systems, which is why it is used in place of caching and message-passing infrastructure."
What is a webhook and when do I use one? (case 40),"A webhook routes incoming events across multiple backends and keeps a health check on each one, so failed hosts are removed from rotation and users see steady latency even under uneven load.","When people ask about webhook and events, the answer depends on many factors like scale, cost, and team preference, and there is no single right choice without more context about the specific use case here."
How does horizontal scaling differ from vertical scaling? (case 41),"A horizontal scaling is a special kind of vertical scaling database that stores its state on a single machine and never talks to other systems, which is why it is used in place of caching and message-passing infrastructure.","A horizontal scaling routes incoming vertical scaling across multiple backends and keeps a health check on each one, so failed hosts are removed from rotation and users see steady latency even under uneven load."
Explain when to use a message queue. (case 42),"When people ask about message queue and producers, the answer depends on many factors like scale, cost, and team preference, and there is no single right choice without more context about the specific use case here.","A message queue routes incoming producers across multiple backends and keeps a health check on each one, so failed hosts are removed from rotation and users see steady latency even under uneven load."
What is DNS and how does resolution work? (case 43),"A DNS routes incoming records across multiple backends and keeps a health check on each one, so failed hosts are removed from rotation and users see steady latency even under uneven load.","When people ask about DNS and records, the answer depends on many factors like scale, cost, and team preference, and there is no single right choice without more context about the specific use case here."
Describe idempotency in HTTP APIs. (case 44),"A idempotency is a special kind of requests database that stores its state on a single machine and never talks to other systems, which is why it is used in place of caching and message-passing infrastructure.","A idempotency routes incoming requests across multiple backends and keeps a health check on each one, so failed hosts are removed from rotation and users see steady latency even under uneven load."
Explain what a load balancer does. (case 45),"A load balancer routes incoming traffic across multiple backends and keeps a health check on each one, so failed hosts are removed from rotation and users see steady latency even under uneven load.","When people ask about load balancer and traffic, the answer depends on many factors like scale, cost, and team preference, and there is no single right choice without more context about the specific use case here."
How do I create a Droplet on DigitalOcean? (case 46),"When people ask about Droplet and control panel, the answer depends on many factors like scale, cost, and team preference, and there is no single right choice without more context about the specific use case here.","A Droplet routes incoming control panel across multiple backends and keeps a health check on each one, so failed hosts are removed from rotation and users see steady latency even under uneven load."
What is a reward model in RLHF? (case 47),"When people ask about reward model and preferences, the answer depends on many factors like scale, cost, and team preference, and there is no single right choice without more context about the specific use case here.","A reward model routes incoming preferences across multiple backends and keeps a health check on each one, so failed hosts are removed from rotation and users see steady latency even under uneven load."
Summarize the benefits of managed databases. (case 48),"A managed databases is a special kind of backups database that stores its state on a single machine and never talks to other systems, which is why it is used in place of caching and message-passing infrastructure.","A managed databases routes incoming backups across multiple backends and keeps a health check on each one, so failed hosts are removed from rotation and users see steady latency even under uneven load."
Describe how object storage differs from block storage. (case 49),"When people ask about object storage and block storage, the answer depends on many factors like scale, cost, and team preference, and there is no single right choice without more context about the specific use case here.","A object storage routes incoming block storage across multiple backends and keeps a health check on each one, so failed hosts are removed from rotation and users see steady latency even under uneven load."
What is Kubernetes used for? (case 50),"A Kubernetes routes incoming containers across multiple backends and keeps a health check on each one, so failed hosts are removed from rotation and users see steady latency even under uneven load.","A Kubernetes is a special kind of containers database that stores its state on a single machine and never talks to other systems, which is why it is used in place of caching and message-passing infrastructure."
How does autoscaling work? (case 51),"When people ask about autoscaling and load, the answer depends on many factors like scale, cost, and team preference, and there is no single right choice without more context about the specific use case here.","A autoscaling routes incoming load across multiple backends and keeps a health check on each one, so failed hosts are removed from rotation and users see steady latency even under uneven load."
Explain preference optimization in one paragraph. (case 52),"A preference optimization is a special kind of policy database that stores its state on a single machine and never talks to other systems, which is why it is used in place of caching and message-passing infrastructure.","A preference optimization routes incoming policy across multiple backends and keeps a health check on each one, so failed hosts are removed from rotation and users see steady latency even under uneven load."
What is a vector database? (case 53),"When people ask about vector database and embeddings, the answer depends on many factors like scale, cost, and team preference, and there is no single right choice without more context about the specific use case here.","A vector database routes incoming embeddings across multiple backends and keeps a health check on each one, so failed hosts are removed from rotation and users see steady latency even under uneven load."
How do I set up CI/CD for a small service? (case 54),"A CI/CD is a special kind of pipeline database that stores its state on a single machine and never talks to other systems, which is why it is used in place of caching and message-passing infrastructure.","A CI/CD routes incoming pipeline across multiple backends and keeps a health check on each one, so failed hosts are removed from rotation and users see steady latency even under uneven load."
What is a webhook and when do I use one? (case 55),"A webhook routes incoming events across multiple backends and keeps a health check on each one, so failed hosts are removed from rotation and users see steady latency even under uneven load.","A webhook is a special kind of events database that stores its state on a single machine and never talks to other systems, which is why it is used in place of caching and message-passing infrastructure."
How does horizontal scaling differ from vertical scaling? (case 56),"A horizontal scaling routes incoming vertical scaling across multiple backends and keeps a health check on each one, so failed hosts are removed from rotation and users see steady latency even under uneven load.","When people ask about horizontal scaling and vertical scaling, the answer depends on many factors like scale, cost, and team preference, and there is no single right choice without more context about the specific use case here."
Explain when to use a message queue. (case 57),"When people ask about message queue and producers, the answer depends on many factors like scale, cost, and team preference, and there is no single right choice without more context about the specific use case here.","A message queue routes incoming producers across multiple backends and keeps a health check on each one, so failed hosts are removed from rotation and users see steady latency even under uneven load."
What is DNS and how does resolution work? (case 58),"When people ask about DNS and records, the answer depends on many factors like scale, cost, and team preference, and there is no single right choice without more context about the specific use case here.","A DNS routes incoming records across multiple backends and keeps a health check on each one, so failed hosts are removed from rotation and users see steady latency even under uneven load."
Describe idempotency in HTTP APIs. (case 59),"A idempotency routes incoming requests across multiple backends and keeps a health check on each one, so failed hosts are removed from rotation and users see steady latency even under uneven load.","When people ask about idempotency and requests, the answer depends on many factors like scale, cost, and team preference, and there is no single right choice without more context about the specific use case here."
Explain what a load balancer does. (case 60),"When people ask about load balancer and traffic, the answer depends on many factors like scale, cost, and team preference, and there is no single right choice without more context about the specific use case here.","A load balancer routes incoming traffic across multiple backends and keeps a health check on each one, so failed hosts are removed from rotation and users see steady latency even under uneven load."
How do I create a Droplet on DigitalOcean? (case 61),"A Droplet is a special kind of control panel database that stores its state on a single machine and never talks to other systems, which is why it is used in place of caching and message-passing infrastructure.","A Droplet routes incoming control panel across multiple backends and keeps a health check on each one, so failed hosts are removed from rotation and users see steady latency even under uneven load."
What is a reward model in RLHF? (case 62),"A reward model routes incoming preferences across multiple backends and keeps a health check on each one, so failed hosts are removed from rotation and users see steady latency even under uneven load.","A reward model is a special kind of preferences database that stores its state on a single machine and never talks to other systems, which is why it is used in place of caching and message-passing infrastructure."
Summarize the benefits of managed databases. (case 63),"When people ask about managed databases and backups, the answer depends on many factors like scale, cost, and team preference, and there is no single right choice without more context about the specific use case here.","A managed databases routes incoming backups across multiple backends and keeps a health check on each one, so failed hosts are removed from rotation and users see steady latency even under uneven load."
Describe how object storage differs from block storage. (case 64),"When people ask about object storage and block storage, the answer depends on many factors like scale, cost, and team preference, and there is no single right choice without more context about the specific use case here.","A object storage routes incoming block storage across multiple backends and keeps a health check on each one, so failed hosts are removed from rotation and users see steady latency even under uneven load."
What is Kubernetes used for? (case 65),"A Kubernetes routes incoming containers across multiple backends and keeps a health check on each one, so failed hosts are removed from rotation and users see steady latency even under uneven load.","When people ask about Kubernetes and containers, the answer depends on many factors like scale, cost, and team preference, and there is no single right choice without more context about the specific use case here."
How does autoscaling work? (case 66),"A autoscaling routes incoming load across multiple backends and keeps a health check on each one, so failed hosts are removed from rotation and users see steady latency even under uneven load.","When people ask about autoscaling and load, the answer depends on many factors like scale, cost, and team preference, and there is no single right choice without more context about the specific use case here."
Explain preference optimization in one paragraph. (case 67),"A preference optimization routes incoming policy across multiple backends and keeps a health check on each one, so failed hosts are removed from rotation and users see steady latency even under uneven load.","When people ask about preference optimization and policy, the answer depends on many factors like scale, cost, and team preference, and there is no single right choice without more context about the specific use case here."
What is a vector database? (case 68),"A vector database routes incoming embeddings across multiple backends and keeps a health check on each one, so failed hosts are removed from rotation and users see steady latency even under uneven load.","A vector database is a special kind of embeddings database that stores its state on a single machine and never talks to other systems, which is why it is used in place of caching and message-passing infrastructure."
How do I set up CI/CD for a small service? (case 69),"When people ask about CI/CD and pipeline, the answer depends on many factors like scale, cost, and team preference, and there is no single right choice without more context about the specific use case here.","A CI/CD routes incoming pipeline across multiple backends and keeps a health check on each one, so failed hosts are removed from rotation and users see steady latency even under uneven load."
What is a webhook and when do I use one? (case 70),"When people ask about webhook and events, the answer depends on many factors like scale, cost, and team preference, and there is no single right choice without more context about the specific use case here.","A webhook routes incoming events across multiple backends and keeps a health check on each one, so failed hosts are removed from rotation and users see steady latency even under uneven load."
How does horizontal scaling differ from vertical scaling? (case 71),"When people ask about horizontal scaling and vertical scaling, the answer depends on many factors like scale, cost, and team preference, and there is no single right choice without more context about the specific use case here.","A horizontal scaling routes incoming vertical scaling across multiple backends and keeps a health check on each one, so failed hosts are removed from rotation and users see steady latency even under uneven load."
Explain when to use a message queue. (case 72),"A message queue is a special kind of producers database that stores its state on a single machine and never talks to other systems, which is why it is used in place of caching and message-passing infrastructure.","A message queue routes incoming producers across multiple backends and keeps a health check on each one, so failed hosts are removed from rotation and users see steady latency even under uneven load."
What is DNS and how does resolution work? (case 73),"When people ask about DNS and records, the answer depends on many factors like scale, cost, and team preference, and there is no single right choice without more context about the specific use case here.","A DNS routes incoming records across multiple backends and keeps a health check on each one, so failed hosts are removed from rotation and users see steady latency even under uneven load."
Describe idempotency in HTTP APIs. (case 74),"A idempotency is a special kind of requests database that stores its state on a single machine and never talks to other systems, which is why it is used in place of caching and message-passing infrastructure.","A idempotency routes incoming requests across multiple backends and keeps a health check on each one, so failed hosts are removed from rotation and users see steady latency even under uneven load."
Explain what a load balancer does. (case 75),"A load balancer is a special kind of traffic database that stores its state on a single machine and never talks to other systems, which is why it is used in place of caching and message-passing infrastructure.","A load balancer routes incoming traffic across multiple backends and keeps a health check on each one, so failed hosts are removed from rotation and users see steady latency even under uneven load."
How do I create a Droplet on DigitalOcean? (case 76),"A Droplet is a special kind of control panel database that stores its state on a single machine and never talks to other systems, which is why it is used in place of caching and message-passing infrastructure.","A Droplet routes incoming control panel across multiple backends and keeps a health check on each one, so failed hosts are removed from rotation and users see steady latency even under uneven load."
What is a reward model in RLHF? (case 77),"When people ask about reward model and preferences, the answer depends on many factors like scale, cost, and team preference, and there is no single right choice without more context about the specific use case here.","A reward model routes incoming preferences across multiple backends and keeps a health check on each one, so failed hosts are removed from rotation and users see steady latency even under uneven load."
Summarize the benefits of managed databases. (case 78),"A managed databases routes incoming backups across multiple backends and keeps a health check on each one, so failed hosts are removed from rotation and users see steady latency even under uneven load.","When people ask about managed databases and backups, the answer depends on many factors like scale, cost, and team preference, and there is no single right choice without more context about the specific use case here."
Describe how object storage differs from block storage. (case 79),"A object storage routes incoming block storage across multiple backends and keeps a health check on each one, so failed hosts are removed from rotation and users see steady latency even under uneven load.","A object storage is a special kind of block storage database that stores its state on a single machine and never talks to other systems, which is why it is used in place of caching and message-passing infrastructure."
