example_id,prompt,response_a,response_b,preferred,annotator_id
ex_0,Explain what a load balancer does.,"A load balancer routes incoming traffic across multiple backends and keeps a health check on each one, so failed hosts are removed from rotation and users see steady latency even under uneven load.","When people ask about load balancer and traffic, the answer depends on many factors like scale, cost, and team preference, and there is no single right choice without more context about the specific use case here.",A,ann_1
ex_1,Explain what a load balancer does.,"When people ask about load balancer and traffic, the answer depends on many factors like scale, cost, and team preference, and there is no single right choice without more context about the specific use case here.","A load balancer routes incoming traffic across multiple backends and keeps a health check on each one, so failed hosts are removed from rotation and users see steady latency even under uneven load.",B,ann_2
ex_2,Explain what a load balancer does.,"A load balancer routes incoming traffic across multiple backends and keeps a health check on each one, so failed hosts are removed from rotation and users see steady latency even under uneven load.","When people ask about load balancer and traffic, the answer depends on many factors like scale, cost, and team preference, and there is no single right choice without more context about the specific use case here.",A,ann_1
ex_3,How do I create a Droplet on DigitalOcean?,"When people ask about Droplet and control panel, the answer depends on many factors like scale, cost, and team preference, and there is no single right choice without more context about the specific use case here.","A Droplet routes incoming control panel across multiple backends and keeps a health check on each one, so failed hosts are removed from rotation and users see steady latency even under uneven load.",B,ann_2
ex_4,How do I create a Droplet on DigitalOcean?,"When people ask about Droplet and control panel, the answer depends on many factors like scale, cost, and team preference, and there is no single right choice without more context about the specific use case here.","A Droplet routes incoming control panel across multiple backends and keeps a health check on each one, so failed hosts are removed from rotation and users see steady latency even under uneven load.",B,ann_4
ex_5,How do I create a Droplet on DigitalOcean?,"A Droplet routes incoming control panel across multiple backends and keeps a health check on each one, so failed hosts are removed from rotation and users see steady latency even under uneven load.","When people ask about Droplet and control panel, the answer depends on many factors like scale, cost, and team preference, and there is no single right choice without more context about the specific use case here.",A,ann_2
ex_6,What is a reward model in RLHF?,"A reward model routes incoming preferences across multiple backends and keeps a health check on each one, so failed hosts are removed from rotation and users see steady latency even under uneven load.","When people ask about reward model and preferences, the answer depends on many factors like scale, cost, and team preference, and there is no single right choice without more context about the specific use case here.",A,ann_3
ex_7,What is a reward model in RLHF?,"A reward model is a special kind of preferences database that stores its state on a single machine and never talks to other systems, which is why it is used in place of caching and message-passing infrastructure.","A reward model routes incoming preferences across multiple backends and keeps a health check on each one, so failed hosts are removed from rotation and users see steady latency even under uneven load.",B,ann_2
ex_8,What is a reward model in RLHF?,"A reward model routes incoming preferences across multiple backends and keeps a health check on each one, so failed hosts are removed from rotation and users see steady latency even under uneven load.","When people ask about reward model and preferences, the answer depends on many factors like scale, cost, and team preference, and there is no single right choice without more context about the specific use case here.",A,ann_1
ex_9,What is a reward model in RLHF? (ambiguous),"A reward model routes incoming preferences across multiple backends and keeps a health check on each one, so failed hosts are removed from rotation and users see steady latency even under uneven load.","A reward model is a special kind of preferences database that stores its state on a single machine and never talks to other systems, which is why it is used in place of caching and message-passing infrastructure.",A,ann_amb_A
ex_10,What is a reward model in RLHF? (ambiguous),"A reward model routes incoming preferences across multiple backends and keeps a health check on each one, so failed hosts are removed from rotation and users see steady latency even under uneven load.","A reward model is a special kind of preferences database that stores its state on a single machine and never talks to other systems, which is why it is used in place of caching and message-passing infrastructure.",B,ann_amb_B
ex_11,What is a reward model in RLHF? (ambiguous),"A reward model routes incoming preferences across multiple backends and keeps a health check on each one, so failed hosts are removed from rotation and users see steady latency even under uneven load.","A reward model is a special kind of preferences database that stores its state on a single machine and never talks to other systems, which is why it is used in place of caching and message-passing infrastructure.",tie,ann_amb_tie
ex_12,Summarize the benefits of managed databases.,"A managed databases routes incoming backups across multiple backends and keeps a health check on each one, so failed hosts are removed from rotation and users see steady latency even under uneven load.","When people ask about managed databases and backups, the answer depends on many factors like scale, cost, and team preference, and there is no single right choice without more context about the specific use case here.",A,ann_4
ex_13,Summarize the benefits of managed databases.,"When people ask about managed databases and backups, the answer depends on many factors like scale, cost, and team preference, and there is no single right choice without more context about the specific use case here.","A managed databases routes incoming backups across multiple backends and keeps a health check on each one, so failed hosts are removed from rotation and users see steady latency even under uneven load.",B,ann_2
ex_14,Summarize the benefits of managed databases.,"When people ask about managed databases and backups, the answer depends on many factors like scale, cost, and team preference, and there is no single right choice without more context about the specific use case here.","A managed databases routes incoming backups across multiple backends and keeps a health check on each one, so failed hosts are removed from rotation and users see steady latency even under uneven load.",B,ann_4
ex_15,Describe how object storage differs from block storage.,"A object storage is a special kind of block storage database that stores its state on a single machine and never talks to other systems, which is why it is used in place of caching and message-passing infrastructure.","A object storage routes incoming block storage across multiple backends and keeps a health check on each one, so failed hosts are removed from rotation and users see steady latency even under uneven load.",B,ann_1
ex_16,Describe how object storage differs from block storage.,"A object storage routes incoming block storage across multiple backends and keeps a health check on each one, so failed hosts are removed from rotation and users see steady latency even under uneven load.","When people ask about object storage and block storage, the answer depends on many factors like scale, cost, and team preference, and there is no single right choice without more context about the specific use case here.",A,ann_2
ex_17,Describe how object storage differs from block storage.,"When people ask about object storage and block storage, the answer depends on many factors like scale, cost, and team preference, and there is no single right choice without more context about the specific use case here.","A object storage routes incoming block storage across multiple backends and keeps a health check on each one, so failed hosts are removed from rotation and users see steady latency even under uneven load.",A,ann_1
ex_18,What is Kubernetes used for?,"When people ask about Kubernetes and containers, the answer depends on many factors like scale, cost, and team preference, and there is no single right choice without more context about the specific use case here.","A Kubernetes routes incoming containers across multiple backends and keeps a health check on each one, so failed hosts are removed from rotation and users see steady latency even under uneven load.",B,ann_3
ex_19,What is Kubernetes used for?,"A Kubernetes routes incoming containers across multiple backends and keeps a health check on each one, so failed hosts are removed from rotation and users see steady latency even under uneven load.","When people ask about Kubernetes and containers, the answer depends on many factors like scale, cost, and team preference, and there is no single right choice without more context about the specific use case here.",A,ann_4
ex_20,What is Kubernetes used for?,"A Kubernetes routes incoming containers across multiple backends and keeps a health check on each one, so failed hosts are removed from rotation and users see steady latency even under uneven load.","When people ask about Kubernetes and containers, the answer depends on many factors like scale, cost, and team preference, and there is no single right choice without more context about the specific use case here.",A,ann_1
ex_21,How does autoscaling work?,"A autoscaling routes incoming load across multiple backends and keeps a health check on each one, so failed hosts are removed from rotation and users see steady latency even under uneven load.","A autoscaling is a special kind of load database that stores its state on a single machine and never talks to other systems, which is why it is used in place of caching and message-passing infrastructure.",A,ann_4
ex_22,How does autoscaling work?,"A autoscaling routes incoming load across multiple backends and keeps a health check on each one, so failed hosts are removed from rotation and users see steady latency even under uneven load.","When people ask about autoscaling and load, the answer depends on many factors like scale, cost, and team preference, and there is no single right choice without more context about the specific use case here.",A,ann_1
ex_23,How does autoscaling work?,"When people ask about autoscaling and load, the answer depends on many factors like scale, cost, and team preference, and there is no single right choice without more context about the specific use case here.","A autoscaling routes incoming load across multiple backends and keeps a health check on each one, so failed hosts are removed from rotation and users see steady latency even under uneven load.",B,ann_4
ex_24,Explain preference optimization in one paragraph.,"A preference optimization routes incoming policy across multiple backends and keeps a health check on each one, so failed hosts are removed from rotation and users see steady latency even under uneven load.","A preference optimization is a special kind of policy database that stores its state on a single machine and never talks to other systems, which is why it is used in place of caching and message-passing infrastructure.",A,ann_2
ex_25,Explain preference optimization in one paragraph.,"A preference optimization routes incoming policy across multiple backends and keeps a health check on each one, so failed hosts are removed from rotation and users see steady latency even under uneven load.","A preference optimization is a special kind of policy database that stores its state on a single machine and never talks to other systems, which is why it is used in place of caching and message-passing infrastructure.",A,ann_2
ex_26,Explain preference optimization in one paragraph.,"A preference optimization routes incoming policy across multiple backends and keeps a health check on each one, so failed hosts are removed from rotation and users see steady latency even under uneven load.","When people ask about preference optimization and policy, the answer depends on many factors like scale, cost, and team preference, and there is no single right choice without more context about the specific use case here.",A,ann_4
ex_27,Explain preference optimization in one paragraph. (ambiguous),"A preference optimization routes incoming policy across multiple backends and keeps a health check on each one, so failed hosts are removed from rotation and users see steady latency even under uneven load.","A preference optimization is a special kind of policy database that stores its state on a single machine and never talks to other systems, which is why it is used in place of caching and message-passing infrastructure.",A,ann_amb_A
ex_28,Explain preference optimization in one paragraph. (ambiguous),"A preference optimization routes incoming policy across multiple backends and keeps a health check on each one, so failed hosts are removed from rotation and users see steady latency even under uneven load.","A preference optimization is a special kind of policy database that stores its state on a single machine and never talks to other systems, which is why it is used in place of caching and message-passing infrastructure.",B,ann_amb_B
ex_29,Explain preference optimization in one paragraph. (ambiguous),"A preference optimization routes incoming policy across multiple backends and keeps a health check on each one, so failed hosts are removed from rotation and users see steady latency even under uneven load.","A preference optimization is a special kind of policy database that stores its state on a single machine and never talks to other systems, which is why it is used in place of caching and message-passing infrastructure.",tie,ann_amb_tie
ex_30,What is a vector database?,"A vector database routes incoming embeddings across multiple backends and keeps a health check on each one, so failed hosts are removed from rotation and users see steady latency even under uneven load.","When people ask about vector database and embeddings, the answer depends on many factors like scale, cost, and team preference, and there is no single right choice without more context about the specific use case here.",A,ann_4
ex_31,What is a vector database?,"When people ask about vector database and embeddings, the answer depends on many factors like scale, cost, and team preference, and there is no single right choice without more context about the specific use case here.","A vector database routes incoming embeddings across multiple backends and keeps a health check on each one, so failed hosts are removed from rotation and users see steady latency even under uneven load.",B,ann_2
ex_32,What is a vector database?,"When people ask about vector database and embeddings, the answer depends on many factors like scale, cost, and team preference, and there is no single right choice without more context about the specific use case here.","A vector database routes incoming embeddings across multiple backends and keeps a health check on each one, so failed hosts are removed from rotation and users see steady latency even under uneven load.",B,ann_2
ex_33,How do I set up CI/CD for a small service?,"A CI/CD routes incoming pipeline across multiple backends and keeps a health check on each one, so failed hosts are removed from rotation and users see steady latency even under uneven load.","When people ask about CI/CD and pipeline, the answer depends on many factors like scale, cost, and team preference, and there is no single right choice without more context about the specific use case here.",A,ann_3
ex_34,How do I set up CI/CD for a small service?,"When people ask about CI/CD and pipeline, the answer depends on many factors like scale, cost, and team preference, and there is no single right choice without more context about the specific use case here.","A CI/CD routes incoming pipeline across multiple backends and keeps a health check on each one, so failed hosts are removed from rotation and users see steady latency even under uneven load.",B,ann_1
ex_35,How do I set up CI/CD for a small service?,"A CI/CD routes incoming pipeline across multiple backends and keeps a health check on each one, so failed hosts are removed from rotation and users see steady latency even under uneven load.","A CI/CD is a special kind of pipeline database that stores its state on a single machine and never talks to other systems, which is why it is used in place of caching and message-passing infrastructure.",B,ann_4
ex_36,What is a webhook and when do I use one?,"A webhook routes incoming events across multiple backends and keeps a health check on each one, so failed hosts are removed from rotation and users see steady latency even under uneven load.","When people ask about webhook and events, the answer depends on many factors like scale, cost, and team preference, and there is no single right choice without more context about the specific use case here.",A,ann_4
ex_37,What is a webhook and when do I use one?,"A webhook routes incoming events across multiple backends and keeps a health check on each one, so failed hosts are removed from rotation and users see steady latency even under uneven load.","When people ask about webhook and events, the answer depends on many factors like scale, cost, and team preference, and there is no single right choice without more context about the specific use case here.",A,ann_2
ex_38,What is a webhook and when do I use one?,"A webhook routes incoming events across multiple backends and keeps a health check on each one, so failed hosts are removed from rotation and users see steady latency even under uneven load.","A webhook is a special kind of events database that stores its state on a single machine and never talks to other systems, which is why it is used in place of caching and message-passing infrastructure.",A,ann_2
ex_39,How does horizontal scaling differ from vertical scaling?,"A horizontal scaling is a special kind of vertical scaling database that stores its state on a single machine and never talks to other systems, which is why it is used in place of caching and message-passing infrastructure.","A horizontal scaling routes incoming vertical scaling across multiple backends and keeps a health check on each one, so failed hosts are removed from rotation and users see steady latency even under uneven load.",B,ann_1
ex_40,How does horizontal scaling differ from vertical scaling?,"A horizontal scaling is a special kind of vertical scaling database that stores its state on a single machine and never talks to other systems, which is why it is used in place of caching and message-passing infrastructure.","A horizontal scaling routes incoming vertical scaling across multiple backends and keeps a health check on each one, so failed hosts are removed from rotation and users see steady latency even under uneven load.",B,ann_3
ex_41,How does horizontal scaling differ from vertical scaling?,"A horizontal scaling is a special kind of vertical scaling database that stores its state on a single machine and never talks to other systems, which is why it is used in place of caching and message-passing infrastructure.","A horizontal scaling routes incoming vertical scaling across multiple backends and keeps a health check on each one, so failed hosts are removed from rotation and users see steady latency even under uneven load.",B,ann_1
ex_42,Explain when to use a message queue.,"A message queue is a special kind of producers database that stores its state on a single machine and never talks to other systems, which is why it is used in place of caching and message-passing infrastructure.","A message queue routes incoming producers across multiple backends and keeps a health check on each one, so failed hosts are removed from rotation and users see steady latency even under uneven load.",B,ann_4
ex_43,Explain when to use a message queue.,"A message queue routes incoming producers across multiple backends and keeps a health check on each one, so failed hosts are removed from rotation and users see steady latency even under uneven load.","When people ask about message queue and producers, the answer depends on many factors like scale, cost, and team preference, and there is no single right choice without more context about the specific use case here.",A,ann_3
ex_44,Explain when to use a message queue.,"A message queue routes incoming producers across multiple backends and keeps a health check on each one, so failed hosts are removed from rotation and users see steady latency even under uneven load.","A message queue is a special kind of producers database that stores its state on a single machine and never talks to other systems, which is why it is used in place of caching and message-passing infrastructure.",A,ann_2
ex_45,What is DNS and how does resolution work?,"When people ask about DNS and records, the answer depends on many factors like scale, cost, and team preference, and there is no single right choice without more context about the specific use case here.","A DNS routes incoming records across multiple backends and keeps a health check on each one, so failed hosts are removed from rotation and users see steady latency even under uneven load.",B,ann_1
ex_46,What is DNS and how does resolution work?,"When people ask about DNS and records, the answer depends on many factors like scale, cost, and team preference, and there is no single right choice without more context about the specific use case here.","A DNS routes incoming records across multiple backends and keeps a health check on each one, so failed hosts are removed from rotation and users see steady latency even under uneven load.",B,ann_1
ex_47,What is DNS and how does resolution work?,"When people ask about DNS and records, the answer depends on many factors like scale, cost, and team preference, and there is no single right choice without more context about the specific use case here.","A DNS routes incoming records across multiple backends and keeps a health check on each one, so failed hosts are removed from rotation and users see steady latency even under uneven load.",B,ann_2
ex_48,Describe idempotency in HTTP APIs.,"A idempotency routes incoming requests across multiple backends and keeps a health check on each one, so failed hosts are removed from rotation and users see steady latency even under uneven load.","When people ask about idempotency and requests, the answer depends on many factors like scale, cost, and team preference, and there is no single right choice without more context about the specific use case here.",A,ann_3
ex_49,Describe idempotency in HTTP APIs.,"A idempotency is a special kind of requests database that stores its state on a single machine and never talks to other systems, which is why it is used in place of caching and message-passing infrastructure.","A idempotency routes incoming requests across multiple backends and keeps a health check on each one, so failed hosts are removed from rotation and users see steady latency even under uneven load.",B,ann_2
ex_50,Describe idempotency in HTTP APIs.,"A idempotency is a special kind of requests database that stores its state on a single machine and never talks to other systems, which is why it is used in place of caching and message-passing infrastructure.","A idempotency routes incoming requests across multiple backends and keeps a health check on each one, so failed hosts are removed from rotation and users see steady latency even under uneven load.",B,ann_2
ex_51,Explain what a load balancer does.,"When people ask about load balancer and traffic, the answer depends on many factors like scale, cost, and team preference, and there is no single right choice without more context about the specific use case here.","A load balancer routes incoming traffic across multiple backends and keeps a health check on each one, so failed hosts are removed from rotation and users see steady latency even under uneven load.",A,ann_x
ex_52,Explain what a load balancer does.,"A load balancer routes incoming traffic across multiple backends and keeps a health check on each one, so failed hosts are removed from rotation and users see steady latency even under uneven load.","When people ask about load balancer and traffic, the answer depends on many factors like scale, cost, and team preference, and there is no single right choice without more context about the specific use case here.",A,ann_1
